Month,Enquiry Date,Enquiry Id,Allocation Status,Status,State,City,Pincode,Type of Project,No of Windows,Source,Zone,Dealer Name,First Action-Call made,Date DD/MM/YY,First Action-Call Status,Date of Appointment (DD/MM/YY),Second Action-Customer Meeting,Date DD/MM/YY,Second Action-Call Status,Third Action-Quote Given,Date DD/MM/YY,Q Val. (Rs. Lac),Quote QTY, Order Recd\Lost ,Date DD/MM/YY,Order Val. (Rs. Lac),Order QTY,Quote ID (as per match to CCC Records), Remarks-Brand and value if lost to UPVC ,Second Action-Call Status,Remarks,Price Per Sft,Benefits,Aesthetics,Reduce Street Noise,Low Maintenance,Monsoon Proof,Better Lighting,Reduce AC Energy Cost
April'16,02-Apr-16,EC02041646800,Dealer,Won,TAMILNADU,CHENNAI,600008,Renovation,6 to 10,Friends or Family  ,Chennai,Sunbird,Yes,02-Apr-16,Appointment Fixed,04-Apr-16,yes,05-Apr-16,Quote to Be Submitted,yes,06-Apr-16,0.72,3,Order Received,19-Aug-16,0.54,3,SPN58634,won,,,1105,Aesthetics & Street Noise,1,1,0,0,0,0
April'16,08-Apr-16,EC08041647157,Dealer,Lost,TAMILNADU,CHENNAI,600042,New Construction,6 to 10,Just dial,Chennai,Winfratech,Yes,08-Apr-16,Appointment Fixed,09-Apr-16,yes,10-Apr-16,Further Meeting Required,,,,,Lost to Aluminum,,,,,Budget constraint,,Price Issue,985,,,,,,,
April'16,08-Apr-16,EC08041647130,Dealer,Lost,TAMILNADU,CHENNAI,600015,New Construction,1 to 5,Current User,Chennai,Sunbird,Yes,09-Mar-16,Appointment Fixed,10-Mar-16,yes,11-Apr-16,Quote to Be Submitted,yes,12-Apr-16,8.4,42,Delivery Time Not Possible,,,,,follow up,,Delivery Issue,918,,,,,,,
April'16,09-Apr-16,EC09041647202,Direct,Lost,TAMILNADU,KANCHIPURAM,600075,New Construction,21 to 40,Friends or Family  ,Chennai,Direct,Yes,09-Apr-16,Appointment Fixed,10-Apr-16,yes,11-Apr-16,Quote to Be Submitted,yes,12-Apr-16,2,9,Lost to Aluminum,,,,no response,,,Price Issue,919,,,,,,,
April'16,11-Apr-16, EC11041647360,Direct,Won,TAMILNADU,CHENNAI,600041,Renovation,6 to 10,Internet,Chennai,Sunbird,Yes,11-Apr-16,Appointment Fixed,11-Apr-16,yes,13-Apr-16,Quote to Be Submitted,yes,15-Apr-16,1.63,8,Order Received,21-May-16,1.63,8,SPN43642,follow up,,,1350,Reduce AC Energy Cost,0,0,0,0,0,1
April'16,11-Apr-16,EC11041647280,Dealer,Lost,TAMILNADU,CHENNAI,600056,Renovation,1 to 5,Friends or Family  ,Chennai,Rajtechnis,Yes,11-Apr-16,Appointment Fixed,12-Apr-16,yes,13-Apr-16,Quote to Be Submitted,yes,15-Apr-16,,,Lost to UPVC (Provide details),,,,,,,Price Issue,809,,,,,,,
April'16,12-Apr-16, EC12041647460,Dealer,Lost,TAMILNADU,CHENNAI,600042,New Construction,11 to 20,Just dial,Chennai,Sunbird,Yes,12-Apr-16,Budget Constraint,,,,,,,,,Lost to Wooden,,,,,,,Budget Constraint,1152,,,,,,,
April'16,12-Apr-16,EC12041647402,Dealer,Lost,TAMILNADU,VELLORE,635751,Renovation,6 to 10,Just dial,Chennai,Windoors,Yes,12-Apr-16,Appointment Fixed,12-Apr-16,YES,13-Apr-16,Quote to Be Submitted,yes,14-Apr-16,2.14,9,Lost to Wooden,,,,,lost,,,826,,,,,,,
April'16,14-Apr-16,EC13041647531,Dealer,Lost,TAMILNADU,CHENNAI,600006,Renovation,1 to 5,Just dial,Chennai,Sunbird,Yes,15-Apr-16,Budget Constraint,,,,,,,,,Lost to UPVC (Provide details),,,,,,,Budget Constraint,1089,,,,,,,
April'16,15-Apr-16,EC15041647749,Dealer,Lost,TAMILNADU,CHENNAI,600113,New Construction,6 to 10,Friends or Family  ,Chennai,Sunbird,Yes,15-Apr-16,Appointment Fixed,16-Apr-16,yes,17-Apr-16,Quote to Be Submitted,yes,18-Apr-16,1.86,10,Lost to Wooden,,,,,lost,,Price Issue,921,,,,,,,
April'16,15-Apr-16,EC15041647740,Dealer,Lost,TAMILNADU,CHENNAI,600107,New Construction,1 to 5,Friends or Family  ,Chennai,Windoors,Yes,15-Apr-16,Appointment Fixed,16-Apr-16,yes,17-Apr-16,Quote to Be Submitted,yes,18-Apr-16,0.39,1,Lost to UPVC (Provide details),,,,,lost,,Price Issue,1168,,,,,,,
April'16,17-Apr-16,EC17041647818,Dealer,Lost,TAMILNADU,CHENNAI,600041,New Construction,41 to 100,Internet,Kanchipuram,Sunbird,Yes,18-Apr-16,Appointment Fixed,19-Apr-16,yes,21-Apr-16,Quote to Be Submitted,yes,22-Apr-16,9.5,34,Lost to Wooden,,,,,lost,,Price Issue,1141,,,,,,,
April'16,17-Apr-16,EC17041647824,Dealer,Won,TAMILNADU,CHENNAI,600028,New Construction,1 to 5,Just dial,Chennai,Sunbird,Yes,17-Apr-16,Appointment Fixed,20-Apr-16,yes,21-Apr-16,Quote to Be Submitted,yes,23-Apr-16,5.5,4,Order Received,12-Jul-16,3.85,5,SPN44277,order closed,,,1450,Nil,,,,,,
April'16,18-Apr-16,EC18041647862,Dealer,Lost,TAMILNADU,CHENNAI,600092,Renovation,1 to 5,Friends or Family  ,Chennai,Rajtechnis,Yes,18-Apr-16,Appointment Fixed,21-Apr-16,yes,19-Apr-16,Quote to Be Submitted,yes,21-Apr-16,0.32,1,Lost to Aluminum,,,,,lost,,Price Issue,1124,,,,,,,
April'16,18-Apr-16,EC18041647914,Dealer,Won,TAMILNADU,CHENNAI,600020,New Construction,6 to 10,Internet,Chennai,Sunbird,Yes,18-Apr-16,Appointment Fixed,21-Apr-16,yes,22-Apr-16,Quote to Be Submitted,yes,24-Apr-16,1.64,3,Order Received,29-Aug-16,0.88,7,SPN66570,follow up,,,1293,Reduce AC Energy Cost & Street Noise,0,1,0,0,0,1
April'16,19-Apr-16,EC19041648005,Dealer,Lost,TAMILNADU,CHENNAI,600086,Renovation,1 to 5,Friends or Family  ,Chennai,Sunbird,Yes,19-Apr-16,Budget Constraint,,,,,,,,,Lost to UPVC (Provide details),,,,,,,Budget Constraint,892,,,,,,,
April'16,20-Apr-16,EC20041648053,Dealer,Lost,TAMILNADU,CHENNAI,600008,Renovation,1 to 5,Just dial,Chennai,Sunbird,Yes,20-Apr-16,Appointment Fixed,23-Apr-16,yes,25-Apr-16,Quote to Be Submitted,yes,23-Apr-16,0.45,1,Lost to UPVC (Provide details),,,,,lost,,Price Issue,821,,,,,,,
April'16,21-Apr-16,EC21041648143,Dealer,Won,TAMILNADU,CHENNAI,600029,Renovation,21 to 40,Internet,Chennai,OXXO,Yes,21-Apr-16,Appointment Fixed,22-Apr-16,yes,24-Apr-16,Quote to Be Submitted,yes,25-Apr-16,5.23,45,Order Received,02-Jun-16,5.23,45,TAM46578,order received,,,1050,Reduce AC Energy Cost & Street Noise,0,1,0,0,0,1
April'16,21-Apr-16,EC21041648139,Dealer,Won,TAMILNADU,CHENNAI,600078,New Construction,6 to 10,Internet,Chennai,Winfratech,Yes,21-Apr-16,Appointment Fixed,22-Apr-16,yes,24-Apr-16,Quote to Be Submitted,yes,25-Apr-16,1.5,7,Order Received,06-Oct-16,1.5,7,SAA70462,,,,1200,Reduce Street Noise,0,1,0,0,0,0
April'16,22-Apr-16,EC22041648210,Dealer,Lost,TAMILNADU,CHENNAI,600040,Renovation,1 to 5,Internet,Chennai,Windoors,Yes,23-Apr-16,Appointment Fixed,24-Apr-16,yes,26-Apr-16,Quote to Be Submitted,yes,28-Apr-16,0.37,1,Product Issue-Design/Type,,,,,lost,,Design Infeasibility,843,,,,,,,
April'16,22-Apr-16,EC21041648139,Dealer,Won,TAMILNADU,CHENNAI,600078,Renovation,6 to 10,Internet,Chennai,Windoors,Yes,23-Apr-16,Appointment Fixed,24-Apr-16,yes,26-Apr-16,Quote to Be Submitted,yes,28-Apr-16,1.5,7,Order Received,,,,,order received,,,948,Reduce Street Noise,0,1,0,0,0,0
April'16,25-Apr-16,EC06101535268,Dealer,Lost,TAMILNADU,CHENNAI,600010,Renovation,6 to 10,Internet,Chennai,Rajtechnis,Yes,25-Apr-16,Appointment Fixed,26-Apr-16,yes,28-Apr-16,Quote to Be Submitted,yes,29-Apr-16,2.3,8,Lost to UPVC (Provide details),,,,,,,Price Issue,934,,,,,,,
April'16,25-Apr-16,EC25041648426,Dealer,Lost,TAMILNADU,CHENNAI,600035,Renovation,1 to 5,Internet,Chennai,Sunbird,Yes,25-Apr-16,Appointment Fixed,25-Apr-16,yes,26-Apr-16,Quote to Be Submitted,yes,01-Jan-00,1.85,3,Delivery Time Not Possible,,,,,no response,,Delivery Issve,812,,,,,,,
April'16,26-Apr-16,EC2002143733,Dealer,Lost,TAMILNADU,CHENNAI,600004,New Construction,1 to 5,Internet,Chennai,Winfratech,Yes,26-Apr-16,Budget Constraint,,,,,,,,,Lost to UPVC (Provide details),,,,,lost to encraft,,Budget Constraint,1005,,,,,,,
April'16,27-Apr-16,EC27041648574,Dealer,Lost,TAMILNADU,CHENNAI,600020,Renovation,1 to 5,Internet,Chennai,Sunbird,Yes,27-Apr-16,Budget Constraint,,,,,,,,,Product Issue-Design/Type,,,,,,,Budget Constraint,993,,,,,,,
April'16,28-Apr-16,EC25041648424,Dealer,Lost,TAMILNADU,CHENNAI,600077,New Construction,11 to 20,Internet,Chennai,Windoors,Yes,28-Apr-16,Appointment Fixed,29-Apr-16,yes,02-May-16,Quote to Be Submitted,yes,04-May-16,1.8,13,Lost to UPVC (Provide details),,,,,lost,,,1101,,,,,,,
April'16,30-Apr-16,EC30041648800,Dealer,Lost,TAMILNADU,CHENNAI,600011,Renovation,1 to 5,Internet,Chennai,Rajtechnis,Yes,30-Apr-16,Appointment Fixed,01-May-16,yes,01-May-16,Quote to Be Submitted,yes,02-May-16,1,4,Lost to UPVC (Provide details),,,,,,,Price Issue,1032,,,,,,,
June'16,04-Jun-16,EC04061651354,Dealer,Lost,TAMILNADU,THIRUVALLUR,600037,Renovation,1 to 5,Internet,Chennai,Windoors,Yes,04-Jun-16,Appointment Fixed,06-Jun-16,yes,05-Jun-16,Quote to Be Submitted,yes,07-Jun-16,2,3,Lost to UPVC (Provide details),,,,,,,Price Issue,1011,,,,,,,
June'16,08-Jun-16,EC08061651611,Direct,Lost,TAMILNADU,CHENNAI,600034,New Construction,11 to 20,Friends or Family  ,Chennai,Pearlson,Yes,08-Jun-16,Budget Constraint,,,,,,,,,Lost to Aluminum,,,,,,,Budget Constraint,996,,,,,,,
June'16,09-Jun-16,EC09061651686,Dealer,Lost,TAMILNADU,VELLORE,631052,New Construction,6 to 10,Internet,Chennai,Windoors,Yes,09-Jun-16,Appointment Fixed,10-Jun-16,yes,11-Jun-16,Quote to Be Submitted,yes,12-Jun-16,2,8,Lost to UPVC (Provide details),,,,,lost,,Price Issue,1048,,,,,,,
June'16,11-Jun-16,EC11061651852,Direct,Won,TAMILNADU,KANCHIPURAM,600044,New Construction,6 to 10,Friends or Family  ,Chennai,Direct,Yes,11-Jun-16,Appointment Fixed,12-Jun-16,yes,16-Jun-16,Quote to Be Submitted,yes,17-Jun-16,0.42,2,Order Received,16-Aug-16,0.42,2,SNT63938,won,,,3121,Nil,,,,,,
June'16,13-Jun-16,EC13061652002,Dealer,Lost,TAMILNADU,CHENNAI,600013,New Construction,6 to 10,Friends or Family  ,Chennai,Rajtechnis,Yes,13-Jun-16,Appointment Fixed,14-Jun-16,yes,15-Jun-16,Quote to Be Submitted,yes,16-Jun-16,1.22,5,Lost to UPVC (Provide details),,,,,lost,,,1168,,,,,,,
June'16,14-Jun-16,EC14061652127,Dealer,Lost,TAMILNADU,KANCHIPURAM,600041,Renovation,1 to 5,Internet,Chennai,Sunbird,Yes,14-Jun-16,Appointment Fixed,12-Jul-16,yes,17-Jun-16,Quote to Be Submitted,yes,18-Jun-16,1.2,4,Lost to UPVC (Provide details),,,,,lost,,Price Issue,1169,,,,,,,
June'16,14-Jun-16,EC14061652129,Dealer,Lost,TAMILNADU,CHENNAI,600085,Renovation,1 to 5,Friends or Family  ,Chennai,Sunbird,Yes,14-Jun-16,Appointment Fixed,27-Jun-16,yes,28-Jun-16,Quote to Be Submitted,yes,29-Jun-16,0.35,1,Lost to Aluminum,,,,,lost,,Price Issue,1183,,,,,,,
June'16,14-Jun-16,EC14061652073,Dealer,Lost,TAMILNADU,THIRUVALLUR,600099,Renovation,1 to 5,Internet,Chennai,Windoors,Yes,14-Jun-16,Appointment Fixed,15-Jun-16,yes,17-Jul-16,Quote to Be Submitted,yes,18-Jun-16,0.59,4,Lost to UPVC (Provide details),,,,,lost,,Price Issue,866,,,,,,,
June'16,16-Jun-16,EC16061652273,Dealer,Lost,TAMILNADU,CHENNAI,600092,Renovation,1 to 5,Internet,Chennai,Windoors,Yes,16-Jun-16,Appointment Fixed,25-Jun-16,yes,26-Jun-16,Quote to Be Submitted,yes,27-Jun-16,0.75,4,Lost to UPVC (Provide details),,,,,known to windoors personally,,Price Issue,1099,,,,,,,
June'16,18-Jun-16,EC18061652454,Dealer,Won,TAMILNADU,CHENNAI,600118,New Construction,1 to 5,Friends or Family  ,Chennai,Sunbird,Yes,18-Jun-16,Appointment Fixed,19-Jun-16,yes,21-Jun-16,Quote to Be Submitted,yes,23-Jun-16,1.22,3,Order Received,25-Jul-16,1.22,3,SPN60848,order received,,,1350,Aesthetics & Low Maintenance,1,0,1,0,0,0
June'16,18-Jun-16,EC18061652485,Direct,Won,TAMILNADU,CHENNAI,600041,Renovation,1 to 5,Internet,Chennai,Direct,Yes,18-Jun-16,Appointment Fixed,20-Jun-16,yes,21-Jun-16,Quote to Be Submitted,yes,23-Jun-16,0.93,13,Order Received,21-Jul-16,0.93,13,SNT58427,order received,,,967,Aesthetics & Low Maintenance,1,0,1,0,0,0
June'16,20-Jun-16,EC20061652592,Dealer,Lost,TAMILNADU,CHENNAI,600010,Renovation,1 to 5,Internet,Chennai,Rajtechnis,Yes,20-Jun-16,Appointment Fixed,21-Jun-16,yes,22-Jun-16,Quote to Be Submitted,yes,23-Jun-16,0.4,1,Lost to UPVC (Provide details),,,,,follow up,,Price Issue,1049,,,,,,,
June'16,20-Jun-16,EC20061652630,Dealer,Won,TAMILNADU,KANCHIPURAM,602105,Renovation,1 to 5,Internet,Chennai,OXXO,Yes,20-Jun-16,Appointment Fixed,21-Jun-16,yes,22-Jun-16,Quote to Be Submitted,yes,23-Jun-16,0.4,`1,Order Received,23-Jun-16,0.39,1,55141,order received,,,1230,Reduce Street Noise,0,1,0,0,0,0
June'16,21-Jun-16,EC21061652778,Direct,Lost,TAMILNADU,TIRUVANNAMALAI,606755,Renovation,1 to 5,Internet,Chennai,Sunbird,Yes,21-Jun-16,Appointment Fixed,22-Jun-16,yes,25-Jun-16,Quote to Be Submitted,yes,27-Jun-16,0.15,1,Product Issue-Design/Type,,,,,lost,,Price Issue,825,,,,,,,
June'16,22-Jun-16,EC22061652872,Dealer,Lost,TAMILNADU,KANCHIPURAM,600088,New Construction,21 to 40,Internet,Chennai,Sunbird,Yes,22-Jun-16,Appointment Fixed,24-Jun-16,yes,25-Jun-16,Quote to Be Submitted,yes,26-Jun-16,0.59,36,Lost to Wooden,,,,,lost,,Price Issue,1037,,,,,,,
June'16,22-Jun-16,EC23061652952,Dealer,Lost,TAMILNADU,CHENNAI,600094,Renovation,1 to 5,Internet,Chennai,Rajtechnis,Yes,23-Jun-16,Appointment Fixed,24-Jun-16,yes,25-Jun-16,Quote to Be Submitted,yes,26-Jun-16,2,1.3,Lost to Aluminum,,,,WES56224,lost,,Price Issue,949,,,,,,,
June'16,23-Jun-16,EC07031644910,Direct,Lost,TAMILNADU,CHENNAI,600020,New Construction,6 to 10,Friends or Family  ,Chennai,Direct,Yes,23-Jun-16,Appointment Fixed,24-Jun-16,yes,25-Jun-16,Quote to Be Submitted,yes,26-Jun-16,9,25,Lost to UPVC (Provide details),,,,,lost to linget,,Price Issue,947,,,,,,,
June'16,25-Jun-16,EC25061653071,Dealer,Lost,TAMILNADU,THIRUVALLUR,600049,Renovation,6 to 10,Internet,Chennai,OXXO,Yes,25-Jun-16,Appointment Fixed,26-Jun-16,yes,27-Jun-16,Quote to Be Submitted,yes,28-Jun-16,0.9,4,Lost to Wooden,,,,,budget constraint,,Price Issue,937,,,,,,,
June'16,26-Jun-16,EC26061653135,Direct,Lost,TAMILNADU,KANCHIPURAM,600075,New Construction,6 to 10,Friends or Family  ,Chennai,Direct,Yes,26-Jun-16,Appointment Fixed,28-Jun-16,yes,27-Jun-16,Quote to Be Submitted,yes,28-Jul-16,1,4,Lost to UPVC (Provide details),,,,,lost,,Price Issue,958,,,,,,,
June'16,27-Jun-16,EC27061653186,Dealer,Lost,TAMILNADU,KANCHIPURAM,600089,Renovation,21 to 40,Friends or Family  ,Chennai,OXXO,Yes,27-Jun-16,Appointment Fixed,27-Jun-16,yes,28-Jun-16,Quote to Be Submitted,yes,28-Jun-16,2.5,19,Lost to UPVC (Provide details),,,,,lost,,Price Issue,1192,,,,,,,
June'16,27-Jun-16,EC27061653259,Dealer,Lost,TAMILNADU,CHENNAI,600084,Renovation,6 to 10,Internet,Chennai,Rajtechnis,Yes,27-Jun-16,Appointment Fixed,27-Jun-16,yes,28-Jun-16,Quote to Be Submitted,yes,28-Jun-16,0.72,2,Lost to Aluminum,,,,,follow up,,Price Issue,822,,,,,,,
June'16,28-Jun-16,EC28061653302,Dealer,Lost,TAMILNADU,CHENNAI,600083,Renovation,1 to 5,Friends or Family  ,Chennai,ITP,Yes,28-Jun-16,Appointment Fixed,29-Jun-16,yes,30-Jun-16,Quote to Be Submitted,yes,02-Jul-16,0.86,3,Lost to UPVC (Provide details),,,,,lost,,Price Issue,848,,,,,,,
June'16,28-Jun-16,EC28061653276,Dealer,Lost,TAMILNADU,CHENNAI,600090,New Construction,11 to 20,Friends or Family  ,Chennai,Sunbird,Yes,28-Jun-16,Appointment Fixed,29-Jun-16,yes,30-Jun-16,Quote to Be Submitted,yes,02-Jul-16,1,6,Lost to UPVC (Provide details),,,,,lost,,Price Issue,873,,,,,,,
June'16,29-Jun-16,EC29061653437,Dealer,Lost,TAMILNADU,KANCHIPURAM,602105,New Construction,1 to 5,Internet,Chennai,Windoors,Yes,29-Jun-16,Appointment Fixed,30-Jul-16,yes,01-Jul-16,Quote to Be Submitted,yes,03-Jul-16,0.89,1,Product Issue-Design/Type,,,,,lost,,Design Infeasibe My,830,,,,,,,
July'16,01-Jul-16,EC01071653533,Dealer,Lost,TAMILNADU,CHENNAI,600024,New Construction,1 to 5,Internet,Chennai,Sunbird,Yes,01-Jul-16,Appointment Fixed,03-Jul-16,yes,06-Jul-16,,,,,,Product Issue-Design/Type,,,,,follow up,,Design Infeasibility,1130,,,,,,,
July'16,04-Jul-16,EC04071653749,Dealer,Lost,TAMILNADU,CHENNAI,600018,Renovation,1 to 5,Internet,Chennai,Pearlson,Yes,04-Jul-16,Appointment Fixed,04-Jun-16,yes,05-Jun-16,Quote to Be Submitted,yes,07-Jun-16,1.2,2,Lost to Aluminum,,,,,,,Price Issue,879,,,,,,,
July'16,04-Jul-16,EC04071653763,Dealer,Lost,TAMILNADU,THIRUVALLUR,600057,New Construction,41 to 100,Friends or Family  ,Chennai,ITP,Yes,04-Jul-16,Appointment Fixed,05-Jul-16,yes,06-Jul-16,Quote to Be Submitted,yes,07-Jul-16,5,42,Lost to UPVC (Provide details),,,,,lost,,Price Issue,859,,,,,,,
July'16,04-Jul-16,EC04071653752,Dealer,Lost,TAMILNADU,KANCHIPURAM,602106,Renovation,6 to 10,Internet,Chennai,OXXO,Yes,04-Jul-16,Appointment Fixed,11-Jul-16,yes,12-Jul-16,Quote to Be Submitted,yes,14-Jul-16,0.66,5,Lost to Aluminum,,,,,lost,,Price Issue,837,,,,,,,
July'16,04-Jul-16,EC04071653740,Dealer,Lost,TAMILNADU,KANCHIPURAM,600041,Renovation,1 to 5,Friends or Family  ,Chennai,Sunbird,Yes,05-Jul-16,Appointment Fixed,07-Jul-16,yes,07-Jul-16,Quote to Be Submitted,yes,07-Jul-16,0.78,3,Product Issue-Design/Type,,,,,lost,,Design Infeasibility,993,,,,,,,
July'16,06-Jul-16,EC06071653903,Dealer,Lost,TAMILNADU,CHENNAI,600034,Renovation,1 to 5,Friends or Family  ,Chennai,Sunbird,Yes,06-Jul-16,Appointment Fixed,07-Jul-16,yes,08-Jul-16,Quote to Be Submitted,yes,09-Jul-16,1.4,3,Product Issue-Design/Type,,,,SPN58334,"follow up, prakash",,Design Infeasibility,857,,,,,,,
July'16,07-Jul-16,EC07071653940,Dealer,Lost,TAMILNADU,CHENNAI,600004,Renovation,1 to 5,Friends or Family  ,Chennai,Pearlson,Yes,07-Jul-16,Appointment Fixed,07-Jun-16,yes,09-Jul-16,Quote to Be Submitted,yes,10-Jun-16,0.5,1,Lost to Wooden,,,,,,,Price Issue,870,,,,,,,
July'16,10-Jul-16,EC10071654149,Dealer,Lost,TAMILNADU,CHENNAI,600090,Renovation,21 to 40,Friends or Family  ,Chennai,Sunbird,Yes,10-Jul-16,Budget Constraint,,,,,,,,,Lost to Wooden,,,,,,,Budget Constraint,1129,,,,,,,
July'16,10-Jul-16,EC10061527986,Dealer,Lost,TAMILNADU,CHENNAI,600116,Renovation,1 to 5,Internet,Chennai,ITP,Yes,10-Jul-16,Appointment Fixed,12-Jul-16,yes,13-Jul-16,Quote to Be Submitted,yes,15-Jul-16,0.87,1,Lost to UPVC (Provide details),,,,,lost,,Price Issue,1198,,,,,,,
July'16,11-Jul-16,EC11071654191,Dealer,Lost,TAMILNADU,KANCHIPURAM,603103,Renovation,1 to 5,Internet,Chennai,Winfratech,Yes,11-Jul-16,Appointment Fixed,12-Jul-16,yes,13-Jul-16,Quote to Be Submitted,yes,14-Jul-16,1.77,3,Lost to Wooden,,,,,follow up,,Price Issue,1139,,,,,,,
July'16,12-Jul-16,EC12071654276,Dealer,Lost,TAMILNADU,CHENNAI,600042,Renovation,6 to 10,Internet,Chennai,Winfratech,Yes,12-Jul-16,Appointment Fixed,13-Jul-16,yes,14-Jul-16,Quote to Be Submitted,yes,14-Jul-16,2,8,Lost to Aluminum,,,,,lost,,Price Issue,964,,,,,,,
July'16,12-Jul-16,EC12071654286,Dealer,Lost,TAMILNADU,CUDDALORE,607303,Renovation,6 to 10,Internet,Chennai,Windoors,Yes,12-Jul-16,Appointment Fixed,13-Jul-16,yes,14-Jul-16,Quote to Be Submitted,yes,15-Jul-16,3,20,Lost to UPVC (Provide details),,,,,lost,,Price Issue,807,,,,,,,
July'16,14-Jul-16,EC14071654436,Dealer,Lost,TAMILNADU,CHENNAI,600008,Renovation,1 to 5,Friends or Family  ,Chennai,OXXO,Yes,14-Jul-16,Appointment Fixed,15-Jul-16,yes,16-Jul-16,Quote to Be Submitted,yes,17-Jul-16,0.2,1,Lost to UPVC (Provide details),,,,,lost,,Price Issue,1029,,,,,,,
July'16,16-Jul-16,EC15071654502,Dealer,Lost,TAMILNADU,CHENNAI,600014,New Construction,6 to 10,Internet,Chennai,Sunbird,Yes,16-Jul-16,Appointment Fixed,18-Jul-16,yes,21-Jul-16,Quote to Be Submitted,yes,22-Jul-16,0.78,1,Lost to Aluminum,,,,,"mail id is wrong, waiting for mail id",,Price Issue,1196,,,,,,,
July'16,16-Jul-16,EC16071654572,Dealer,Lost,TAMILNADU,KANCHIPURAM,600100,New Construction,1 to 5,Friends or Family  ,Chennai,Winfratech,Yes,16-Jul-16,Appointment Fixed,17-Jul-16,yes,18-Jul-16,Quote to Be Submitted,yes,19-Jul-16,0.8,3,Lost to Aluminum,,,,,lost,,Price Issue,999,,,,,,,
July'16,18-Jul-16,EC18071654679,Dealer,Lost,TAMILNADU,CHENNAI,600095,New Construction,1 to 5,Friends or Family  ,Chennai,Windoors,Yes,18-Jul-16,Appointment Fixed,24-Jul-16,yes,25-Jul-16,Quote to Be Submitted,yes,26-Jul-16,0.3,3,Lost to UPVC (Provide details),,,,,lost,,Price Issue,908,,,,,,,
July'16,18-Jul-16,EC16071654590,Dealer,Lost,TAMILNADU,CHENNAI,600042,Renovation,1 to 5,Internet,Chennai,Winfratech,Yes,18-Jul-16,Appointment Fixed,19-Jul-16,yes,20-Jul-16,Quote to Be Submitted,yes,21-Jul-16,1,1,Lost to Wooden,,,,,lost,,Price Issue,1078,,,,,,,
July'16,18-Jul-16,EC27031523400,Dealer,Lost,TAMILNADU,CHENNAI,600083,New Construction,1 to 5,Friends or Family  ,Chennai,ITP,Yes,18-Jul-16,Appointment Fixed,19-Jul-16,YES,19-Jul-16,Quote to Be Submitted,yes,20-Jul-16,0.98,7,Lost to UPVC (Provide details),,,,,lost,,Price Issue,837,,,,,,,
July'16,18-Jul-16,EC19071654797,Dealer,Lost,TAMILNADU,THIRUVALLUR,600120,New Construction,1 to 5,Internet,Chennai,ITP,Yes,18-Jul-16,Design not Feasible,,,,,,,,,Product Issue-Design/Type,,,,,,,Design Infeasibility,1043,,,,,,,
July'16,19-Jul-16,EC19071654749,Dealer,Lost,TAMILNADU,KRISHNAGIRI,635103,New Construction,6 to 10,Internet,Chennai,Windoors,Yes,19-Jul-16,Appointment Fixed,20-Jul-16,yes,21-Jul-16,Quote to Be Submitted,yes,22-Jul-16,2.68,13,Lost to UPVC (Provide details),,,,,LOST,,Price Issue,1179,,,,,,,
July'16,20-Jun-16,EC20071654877,Direct,Lost,TAMILNADU,KANCHIPURAM,603202,New Construction,1 to 5,Internet,Chennai,Direct,Yes,20-Jul-16,Budget Constraint,,,,,,,,,Lost to UPVC (Provide details),,,,,,,Budget Constraint,941,,,,,,,
July'16,23-Jul-16,EC23071655123,Dealer,Lost,TAMILNADU,CHENNAI,600090,Renovation,1 to 5,Internet,Chennai,Winfratech,Yes,23-Jul-16,Appointment Fixed,24-Jul-16,yes,26-Jul-16,Quote to Be Submitted,yes,27-Jul-16,1.6,4,Lost to UPVC (Provide details),,,,,lost,,Price Issue,925,,,,,,,
July'16,25-Jul-16,EC25071655181,Dealer,Lost,TAMILNADU,VELLORE,631102,New Construction,1 to 5,Friends or Family  ,Chennai,Windoors,Yes,23-Jul-16,Appointment Fixed,27-Jul-16,YES,29-Jul-16,Quote to Be Submitted,YES,30-Jul-16,1.84,4,Lost to UPVC (Provide details),,,,,lost,,Price Issue,1162,,,,,,,
July'16,25-Jul-16,EC25071655239,Dealer,Lost,TAMILNADU,KANCHIPURAM,600073,Renovation,1 to 5,Friends or Family  ,Chennai,Winfratech,Yes,25-Jul-16,Design not Feasible,,,,,,,,,Product Issue-Design/Type,,,,,design not feasible,,Design Infeasibility,1004,,,,,,,
July'16,25-Jul-16,EC25071655281,Dealer,Lost,TAMILNADU,VELLORE,631001,Renovation,1 to 5,Internet,Chennai,Windoors,Yes,25-Jul-16,Appointment Fixed,27-Jul-16,YES,29-Jul-16,Quote to Be Submitted,YES,30-Jul-16,1.7,5,Lost to Wooden,,,,,lost,,Price Issue,1093,,,,,,,
July'16,25-Jul-16,EC25071655234,Direct,Lost,TAMILNADU,CHENNAI,600035,Renovation,1 to 5,Friends or Family  ,Chennai,Direct,Yes,25-Jul-16,Appointment Fixed,27-Aug-16,yes,28-Sep-16,Quote to Be Submitted,yes,29-Aug-16,0.15,2,Product Issue-Design/Type,,,,MAT61485,lost,,Design Infeasibility,1133,,,,,,,
July'16,26-Jul-16,EC26071655321,Dealer,Lost,TAMILNADU,CHENNAI,600101,Renovation,1 to 5,Friends or Family  ,Chennai,Windoors,Yes,26-Jul-16,Appointment Fixed,27-Jul-16,yes,29-Jul-16,Quote to Be Submitted,yes,30-Jul-16,0.6,1,Lost to UPVC (Provide details),,,,,lost,,Price Issue,816,,,,,,,
July'16,27-Jul-16,EC27071655362,Dealer,Won,TAMILNADU,THIRUVALLUR,600095,New Construction,1 to 5,Friends or Family  ,Chennai,Sunbird,Yes,27-Jul-16,Appointment Fixed,29-Jul-16,yes,30-Jul-16,Quote to Be Submitted,yes,01-Aug-16,1,0.6,Order Received,25-Aug-16,0.86,1,SPN61614,Received,,,970,Reduce AC Energy Cost & Street Noise,0,1,0,0,0,1
July'16,27-Jul-16,EC27071655407,Dealer,Lost,TAMILNADU,THIRUVALLUR,600052,New Construction,11 to 20,Internet,Chennai,Rajtechnis,Yes,27-Jul-16,Appointment Fixed,29-Jul-16,yes,30-Jul-16,Quote to Be Submitted,yes,01-Aug-16,2.16,9,Lost to UPVC (Provide details),,,,WES63268,budget constraint,,,826,,,,,,,
July'16,28-Jul-16,EC28071655472,Dealer,Lost,TAMILNADU,VILLUPURAM,606201,New Construction,1 to 5,Internet,Chennai,Windoors,Yes,28-Jul-16,Appointment Fixed,29-Jul-16,yes,30-Jul-16,Quote to Be Submitted,yes,01-Aug-16,0.9,4,Lost to Wooden,,,,,lost,,Price Issue,1135,,,,,,,
July'16,28-Jul-16,EC28071655479,Dealer,Lost,TAMILNADU,TIRUVANNAMALAI,606601,Renovation,1 to 5,Internet,Chennai,Sunbird,Yes,28-Jul-16,Appointment Fixed,29-Jul-16,yes,30-Jul-16,Quote to Be Submitted,yes,20-Jul-16,0.45,1,Lost to UPVC (Provide details),,,,,lost,,Price Issue,1128,,,,,,,
July'16,28-Jul-16,EC28071655484,Dealer,Lost,TAMILNADU,CHENNAI,600010,Renovation,1 to 5,Internet,Chennai,Rajtechnis,Yes,28-Jul-16,No Requirement-Awareness Call,,,,,,,,,Lost to UPVC (Provide details),,,,,lost,,No Requirement-Awareness Call,1090,,,,,,,
July'16,28-Jul-16,EC28071655450,Dealer,Lost,TAMILNADU,KANCHIPURAM,603103,Renovation,1 to 5,Friends or Family  ,Chennai,Winfratech,Yes,28-Jul-16,Appointment Fixed,04-Jul-16,yes,05-Aug-16,Quote to Be Submitted,yes,06-Aug-16,0.92,1,Lost to UPVC (Provide details),,,,,lost,,Price Issue,1124,,,,,,,
July'16,30-Jul-16,EC30071655577,Direct,Lost,TAMILNADU,KANCHIPURAM,602117,New Construction,1 to 5,Internet,Chennai,Direct,Yes,29-Jul-16,Appointment Fixed,30-Jul-16,yes,01-Aug-16,Quote to Be Submitted,yes,02-Aug-16,1,3,Product Issue-Design/Type,,,,SNT62645,lost,,Design Infeasibility,894,,,,,,,
July'16,30-Jul-16,EC30071655597,Dealer,Lost,TAMILNADU,CHENNAI,600095,Renovation,1 to 5,Friends or Family  ,Chennai,OXXO,Yes,30-Jul-16,Appointment Fixed,27-Aug-16,yes,28-Aug-16,Quote to Be Submitted,yes,29-Aug-16,0.08,1,Lost to UPVC (Provide details),,,,ALL71140,lost,,Price Issue,965,,,,,,,
July'16,31-Jul-16, EC31071655651,Dealer,Lost,TAMILNADU,VELLORE,635810,New Construction,11 to 20,Friends or Family  ,Chennai,Windoors,Yes,31-Jul-16,Budget Constraint,,,,,,,,,Lost to UPVC (Provide details),,,,,,,Budget Constraint,1083,,,,,,,
July'16,31-Jul-16,EC31071655624,Dealer,Lost,TAMILNADU,KANCHIPURAM,603103,Renovation,1 to 5,Internet,Chennai,Winfratech,Yes,31-Jul-16,Appointment Fixed,05-Aug-16,yes,06-Aug-16,Design not Feasible,,,,,Product Issue-Design/Type,,,,,design not feasible,,Design Infeasibility,830,,,,,,,
Aug'16,03-Aug-16,EC03081655877,Dealer,Lost,TAMILNADU,KANCHIPURAM,600116,Renovation,1 to 5,Friends or Family  ,Chennai,ITP,Yes,03-Aug-16,Budget Constraint,,,,,,,,,Lost to UPVC (Provide details),,,,,,,Budget Constraint,938,,,,,,,
Aug'16,03-Aug-16,EC03081655949,Dealer,Won,TAMILNADU,CHENNAI,600035,New Construction,1 to 5,Internet,Chennai,Pearlson,Yes,03-Aug-16,Appointment Fixed,20-Aug-16,yes,21-Aug-16,Quote to Be Submitted,yes,22-Aug-16,10.95,13,Order Received,28-Sep-16,10.95,13,RMN65985,,,,848,Reduce Street Noise,0,1,0,0,0,0
Aug'16,04-Aug-16,EC04081655985,Dealer,Lost,TAMILNADU,THIRUVALLUR,600066,Renovation,1 to 5,Internet,Chennai,Windoors,Yes,04-Aug-16,Budget Constraint,,,,,,,,,Lost to Aluminum,,,,,lost ,,Budget Constraint,1002,,,,,,,
Aug'16,04-Aug-16,EC04081656051,Dealer,Lost,TAMILNADU,CHENNAI,600093,Renovation,1 to 5,Internet,Chennai,ITP,Yes,04-Aug-16,Design not Feasible,,,,,,,,,Product Issue-Design/Type,,,,,lost ,,Design Infeasibility,968,,,,,,,
Aug'16,06-Aug-16,EC06081656100,Dealer,Lost,TAMILNADU,CHENNAI,600083,Renovation,1 to 5,Internet,Chennai,ITP,Yes,04-Aug-16,Design not Feasible,,,,,,,,,Product Issue-Design/Type,,,,,no feasibility,,Design Infeasibility,1050,,,,,,,
Aug'16,06-Aug-16,EC06081656107,Dealer,Lost,TAMILNADU,CHENNAI,600069,New Construction,11 to 20,Internet,Chennai,Pearlson,Yes,06-Aug-16,Budget Constraint,,,,,,,,,Lost to UPVC (Provide details),,,,,feels cost is high,,Budget Constraint,1184,,,,,,,
Aug'16,07-Aug-16,EC07081656165,Dealer,Lost,TAMILNADU,CHENNAI,600042,Renovation,1 to 5,Friends or Family  ,Chennai,Winfratech,Yes,07-Aug-16,Design not Feasible,,,,,,,,,Product Issue-Design/Type,,,,,measurement taken,,Design Infeasibility,1070,,,,,,,
Aug'16,08-Aug-16,EC08081656263,Dealer,Lost,TAMILNADU,CHENNAI,600017,Renovation,1 to 5,Friends or Family  ,Chennai,Pearlson,Yes,08-Aug-16,Time Frame Not Possible,,,,,,,,,Delivery Time Not Possible,,,,,,,Delivery Issue,955,,,,,,,
Aug'16,08-Aug-16,EC08081656257,Dealer,Won,TAMILNADU,CHENNAI,600004,Renovation,1 to 5,Internet,Chennai,Winfratech,Yes,08-Aug-16,Appointment Fixed,09-Aug-16,yes,10-Aug-16,Quote to Be Submitted,yes,11-Aug-16,0.21,1,Order Received,16-Aug-16,0.61,1,SNT63858,,,,947,Nil,,,,,,
Aug'16,09-Aug-16,EC09081656347,Dealer,Lost,TAMILNADU,CHENNAI,600053,New Construction,11 to 20,Internet,Chennai,Rajtechnis,Yes,09-Aug-16,Appointment Fixed,02-Aug-16,YES,04-Aug-16,Quote to Be Submitted,YES,05-Aug-16,0.72,1,Lost to Aluminum,,,,WES69371,Follow up,,Price Issue,1081,,,,,,,
Aug'16,11-Aug-16,EC11081656537,Dealer,Lost,TAMILNADU,THIRUVALLUR,600054,Renovation,1 to 5,Friends or Family  ,Chennai,Windoors,Yes,11-Aug-16,Appointment Fixed,12-Aug-16,yes,13-Aug-16,Quote to Be Submitted,yes,14-Aug-16,0.3,2,Lost to UPVC (Provide details),,,,SAA64535,follow up,,Price Issue,896,,,,,,,
Aug'16,12-Aug-16,EC12081656608,Direct,Lost,TAMILNADU,KANCHIPURAM,600116,New Construction,6 to 10,Internet,Chennai,ITP,Yes,12-Aug-16,Appointment Fixed,19-Aug-16,yes,20-Aug-16,Quote to Be Submitted,yes,21-Aug-16,0.86,3,Lost to UPVC (Provide details),,,,,lost,,Price Issue,1122,,,,,,,
Aug'16,12-Aug-16,EC12081656607,Direct,Lost,TAMILNADU,THIRUVALLUR,600054,Renovation,1 to 5,Internet,Chennai,Direct,Yes,12-Aug-16,Appointment Fixed,13-Aug-16,yes,15-Aug-16,Quote to Be Submitted,yes,16-Aug-16,2,1,Delivery Time Not Possible,,,,ALL64892/ALL64886,lost,,Delivery Issue,845,,,,,,,
Aug'16,13-Aug-16,EC13081656610,Dealer,Lost,TAMILNADU,CHENNAI,600004,Renovation,1 to 5,Friends or Family  ,Chennai,Pearlson,Yes,13-Aug-16,Budget Constraint,,,,,,,,,Lost to Aluminum,,,,,LOST,,Budget Constraint,1054,,,,,,,
Aug'16,16-Aug-16,EC16081656817,Dealer,Lost,TAMILNADU,CHENNAI,600028,Renovation,1 to 5,Friends or Family  ,Chennai,Sunbird,Yes,16-Aug-16,Appointment Fixed,18-Aug-16,yes,19-Aug-16,Quote to Be Submitted,yes,19-Aug-16,1.89,5,Product Issue-Design/Type,,,,SPN65191,follow up,,Design Infeasibility,1148,,,,,,,
Aug'16,17-Aug-16,EC17081656835,Dealer,Lost,TAMILNADU,THIRUVALLUR,600053,Renovation,1 to 5,Internet,Chennai,Windoors,Yes,17-Aug-16,Appointment Fixed,18-Aug-16,yes,19-Aug-16,Quote to Be Submitted,yes,20-Aug-16,0.64,2,Lost to Aluminum,,,,FAA65518,follow up,,Price Issue,1049,,,,,,,
Aug'16,20-Aug-16,EC20081657059,Dealer,Lost,TAMILNADU,CHENNAI,600033,Renovation,1 to 5,Internet,Chennai,ITP,Yes,20-Aug-16,Appointment Fixed,21-Aug-16,yes,22-Aug-16,Quote to Be Submitted,yes,23-Aug-16,0.36,1,Lost to UPVC (Provide details),,,,,budget constraint,,Price Issue,805,,,,,,,
Aug'16,20-Aug-16, EC20081657047,Dealer,Lost,TAMILNADU,CHENNAI,600112,New Construction,11 to 20,Internet,Chennai,Rajtechnis,Yes,20-Aug-16,Appointment Fixed,21-Sep-16,YES,22-Sep-16,Quote to Be Submitted,YES,23-Sep-16,1.71,8,Lost to UPVC (Provide details),,,,WES66400,budget constraint,,Price Issue,971,,,,,,,
Aug'16,20-Aug-16,EC20081657085,Direct,Won,TAMILNADU,CHENNAI,600118,New Construction,11 to 20,Friends or Family  ,Chennai,Direct,Yes,20-Aug-16,Appointment Fixed,21-Aug-16,yes,22-Aug-16,Quote to Be Submitted,yes,23-Aug-16,1.28,10,Order Received,27-Sep-16,1.28,10,SKR72624,,,,1369,Reduce AC Energy Cost & Street Noise,0,1,0,0,0,1
Aug'16,21-Aug-16,EC21081657133,Dealer,Lost,TAMILNADU,CHENNAI,600010,Renovation,6 to 10,Internet,Chennai,Rajtechnis,Yes,21-Aug-16,Budget Constraint,,,,,,,,,Lost to UPVC (Provide details),,,,,,,Budget Constraint,1165,,,,,,,
Aug'16,22-Aug-16,EC22081657156,Dealer,Lost,TAMILNADU,KANCHIPURAM,600041,Renovation,1 to 5,Friends or Family  ,Chennai,Sunbird,Yes,22-Aug-16,Appointment Fixed,23-Aug-16,YES,24-Aug-16,Quote to Be Submitted,yes,25-Aug-16,0.34,1,Lost to UPVC (Provide details),,,,SPN66045,,,Price issue,1155,,,,,,,
Aug'16,22-Aug-16,EC22081657186,Dealer,Lost,TAMILNADU,CHENNAI,600010,Renovation,6 to 10,Internet,Chennai,Rajtechnis,Yes,22-Aug-16,Appointment Fixed,23-Sep-16,YES,24-Sep-16,Quote to Be Submitted,YES,25-Sep-16,1.26,2,Lost to UPVC (Provide details),,,,WES66404,,,Price issue,1136,,,,,,,
Aug'16,22-Aug-16,EC22081657172,Dealer,Lost,TAMILNADU,THIRUVALLUR,600098,New Construction,1 to 5,Internet,Chennai,OXXO,Yes,22-Aug-16,Appointment Fixed,22-Aug-16,yes,23-Aug-16,Quote to Be Submitted,yes,24-Aug-16,5.8,30,Lost to Wooden,,,,SMO67050,lost,,Price issue,847,,,,,,,
Aug'16,25-Aug-16,EC25081657462,Direct,Lost,TAMILNADU,KANCHIPURAM,600063,New Construction,6 to 10,Internet,Chennai,Direct,Yes,25-Aug-16,Appointment Fixed,27-Aug-16,yes,28-Aug-16,Quote to Be Submitted,yes,29-Aug-16,2.82,12,Lost to Wooden,,,,MAT67156,LOST,,Price issue,1165,,,,,,,
Aug'16,25-Aug-16,EC25081657454,Direct,Won,TAMILNADU,CHENNAI,600018,Renovation,1 to 5,Internet,Chennai,Direct,Yes,25-Aug-16,Appointment Fixed,27-Aug-16,yes,28-Sep-16,Quote to Be Submitted,yes,29-Aug-16,3.93,14,Order Received,29-Aug-16,3.93,14,MAT66995,order recived,,,1235,Reduce Street Noise & Low Maintenance,0,1,1,0,0,0
Aug'16,25-Aug-16,EC25081657480,Dealer,Won,TAMILNADU,CHENNAI,600011,Renovation,6 to 10,Friends or Family  ,Chennai,Rajtechnis,Yes,25-Aug-16,Appointment Fixed,27-Aug-16,YES,28-Sep-16,Quote to Be Submitted,YES,29-Aug-16,1,4,Order Received,27-Sep-16,0.53,4,WES72029,Order Received,,,1148,Reduce AC Energy Cost & Street Noise,0,1,0,0,0,1
Aug'16,27-Aug-16,EC27081657586,Dealer,Lost,TAMILNADU,CHENNAI,600040,Renovation,1 to 5,Friends or Family  ,Chennai,Windoors,Yes,27-Aug-16,Appointment Fixed,28-Aug-16,yes,29-Aug-16,Quote to Be Submitted,yes,30-Aug-16,0.37,1,Lost to Wooden,,,,FAA67557,follow up,,Price Issue,1049,,,,,,,
Aug'16,27-Aug-16, EC27081657639,Dealer,Lost,TAMILNADU,THIRUVALLUR,600054,New Construction,1 to 5,Friends or Family  ,Chennai,Windoors,Yes,27-Aug-16,Appointment Fixed,28-Aug-16,yes,29-Aug-16,Quote to Be Submitted,yes,30-Aug-16,0.16,1,Lost to UPVC (Provide details),,,,FAA67622,follow up,,Price Issue,931,,,,,,,
Aug'16,29-Aug-16,EC29081657748,Dealer,Lost,TAMILNADU,CHENNAI,600041,New Construction,1 to 5,Friends or Family  ,Chennai,Winfratech,Yes,29-Aug-16,Design not Feasible,,,,,,,,,Lost to Aluminum,,,,,,,Design Infeasibility,1099,,,,,,,
Aug'16,30-Aug-16,EC30081657814,Direct,Lost,TAMILNADU,KANCHIPURAM,603203,Renovation,6 to 10,Friends or Family  ,Chennai,Direct,Yes,30-Aug-16,Appointment Fixed,31-Aug-16,yes,01-Sep-16,Quote to Be Submitted,yes,02-Sep-16,1.5,9,Lost to Aluminum,,,,MAT68325,budget constraint,,Price Issue,1113,,,,,,,
Sept'16,01-Sep-16,EC30081657844,Dealer,Lost,TAMILNADU,CHENNAI,600076,New Construction,1 to 5,Friends or Family  ,Chennai,Windoors,Yes,01-Sep-16,Appointment Fixed,20-Sep-16,yes,21-Sep-16,Quote to Be Submitted,yes,22-Sep-16,0.85,5,Lost to Wooden,,,,SAA71339,,,Price Issue,1011,,,,,,,
Sept'16,01-Sep-16,EC01091658086,Dealer,Lost,TAMILNADU,CHENNAI,600102,Renovation,1 to 5,Internet,Chennai,Windoors,Yes,01-Sep-16,Appointment Fixed,02-Sep-16,YES,03-Sep-16,Quote to Be Submitted,YES,10-Sep-16,0.41,5,Lost to Wooden,,,,LOST,,,Price Issue,937,,,,,,,
Sept'16,02-Sep-16,EC02091658096,Dealer,Lost,TAMILNADU,CHENNAI,600040,Renovation,1 to 5,Friends or Family  ,Chennai,Windoors,Yes,02-Sep-16,Appointment Fixed,06-Sep-16,yes,08-Sep-16,Quote to Be Submitted,yes,09-Sep-16,1.2,1,Lost to Wooden,,,,SAA68329,lost,,Price Issue,848,,,,,,,
Sept'16,02-Sep-16,EC02091658115,Dealer,Lost,TAMILNADU,CHENNAI,600095,New Construction,1 to 5,Internet,Chennai,OXXO,Yes,02-Sep-16,Appointment Fixed,03-Sep-16,yes,04-Sep-16,Quote to Be Submitted,YES,05-Sep-16,0.3,3,Lost to Aluminum,,,,ALL71133,budget constraint,,Price Issue,1066,,,,,,,
Sept'16,03-Sep-16,EC03091658151,Dealer,Lost,TAMILNADU,CHENNAI,600041,Renovation,1 to 5,Friends or Family  ,Chennai,Sunbird,Yes,03-Sep-16,Appointment Fixed,01-Sep-16,yes,02-Sep-16,Quote to Be Submitted,yes,03-Sep-16,0.85,1,Product Issue-Design/Type,,,,ABL68804,budget constraint,,Design Infeasibility,1148,,,,,,,
Sept'16,03-Sep-16,EC1091657993,Direct,Won,TAMILNADU,KANCHIPURAM,603203,Renovation,1 to 5,Friends or Family  ,Chennai,Direct,Yes,03-Sep-16,Appointment Fixed,04-Sep-16,yes,05-Sep-16,Quote to Be Submitted,YES,29-Dec-16,6,73,Order Received,31-Dec-16,6,73,skr89335,,,,809,Nil,,,,,,
Sept'16,03-Sep-16, EC03091658177,Direct,Lost,TAMILNADU,KANCHIPURAM,600016,Renovation,1 to 5,Friends or Family  ,Chennai,Direct,Yes,03-Sep-16,Appointment Fixed,04-Sep-16,yes,04-Sep-16,Quote to Be Submitted,yes,05-Sep-16,0.65,2,Lost to UPVC (Provide details),,,,MAT68794,follow up,,Price Issue,1103,,,,,,,
Sept'16,05-Sep-16,EC05091658287,Dealer,Lost,TAMILNADU,CHENNAI,600001,Renovation,1 to 5,Friends or Family  ,Chennai,Pearlson,Yes,05-Sep-16,Budget Constraint,,,,,,,,,Lost to Wooden,,,,,,,Budget Constraint,1093,,,,,,,
Sept'16,05-Sep-16,EC05091658297,Dealer,Won,TAMILNADU,KANCHIPURAM,600041,Renovation,1 to 5,Internet,Chennai,Sunbird,Yes,05-Sep-16,Appointment Fixed,07-Sep-16,yes,08-Sep-16,Quote to Be Submitted,yes,10-Sep-16,1.97,3,Order Received,21-Sep-16,1.48,4,SPN69652,order received,,,1980,Reduce Street Noise,0,1,0,0,0,0
Sept'16,06-Sep-16,EC06091658370,Dealer,Lost,TAMILNADU,CHENNAI,600106,Renovation,1 to 5,Internet,Chennai,Windoors,Yes,06-Sep-16,Appointment Fixed,06-Sep-16,YES,07-Sep-16,Quote to Be Submitted,YES,08-Sep-16,4,16,Lost to UPVC (Provide details),,,,SAA69408,follow up,,Price Issue,1184,,,,,,,
Sept'16,06-Sep-16,EC06091658379,Dealer,Lost,TAMILNADU,CHENNAI,600040,Renovation,11 to 20,Internet,Chennai,Windoors,Yes,06-Sep-16,Appointment Fixed,08-Sep-16,yes,09-Sep-16,Quote to Be Submitted,yes,10-Sep-16,6,39,Lost to Aluminum,,,,SAA68971,,,Price Issue,970,,,,,,,
Sept'16,07-Sep-16,EC07091658542,Direct,Won,TAMILNADU,CHENNAI,600020,Renovation,41 to 100,Internet,Chennai,Direct,Yes,01-Sep-16,Appointment Fixed,10-Sep-16,yes,19-Sep-16,Quote to Be Submitted,yes,25-Sep-16,1.6,16,Order Received,31-Jan-17,1.6,16,abl96471,,,,1085,Reduce Street Noise,0,1,0,0,0,0
Sept'16,09-Sep-16,EC09091658693,Dealer,Lost,TAMILNADU,CHENNAI,600041,Renovation,1 to 5,Internet,Chennai,Sunbird,Yes,09-Sep-16,Appointment Fixed,10-Sep-16,yes,10-Sep-16,Quote to Be Submitted,yes,10-Sep-16,0.71,3,Lost to Wooden,,,,SPN69658,Follow up,,Price Issue,1050,,,,,,,
Sept'16,10-Sep-16,EC10091658718,Dealer,Lost,TAMILNADU,CHENNAI,600126,New Construction,21 to 40,Internet,Chennai,Direct,Yes,10-Sep-16,Appointment Fixed,04-Sep-16,yes,05-Sep-16,Quote to Be Submitted,yes,06-Sep-16,3.5,30,Lost to UPVC (Provide details),,,,SKR700078,order lost,,Price Issue,1199,,,,,,,
Sept'16,12-Sep-16,EC12091658838,Dealer,Lost,TAMILNADU,CHENNAI,600042,Renovation,1 to 5,Friends or Family  ,Chennai,Winfratech,Yes,12-Sep-16,Appointment Fixed,12-Oct-16,yes,13-Oct-16,Quote to Be Submitted,yes,13-Oct-16,0.63,3,Lost to Wooden,,,,,lost,,Price Issue,1013,,,,,,,
Sept'16,12-Sep-16,EC12091658880,Dealer,Lost,TAMILNADU,CHENNAI,600106,Renovation,1 to 5,Friends or Family  ,Chennai,Windoors,Yes,12-Sep-16,Budget Constraint,,,,,,,,,Lost to Aluminum,,,,,,,Budget Constraint,1117,,,,,,,
Sept'16,13-Sep-16,EC13091658957,Dealer,Lost,TAMILNADU,KANCHIPURAM,600041,Renovation,1 to 5,Internet,Chennai,Sunbird,Yes,13-Sep-16,Appointment Fixed,14-Sep-16,YES,15-Sep-16,Quote to Be Submitted,YES,17-Sep-16,0.32,1,Lost to Wooden,,,,SPN70454,follow up,,Price Issue,821,,,,,,,
Sept'16,14-Sep-16,EC14091659065,Direct,Won,TAMILNADU,KANCHIPURAM,600075,Renovation,1 to 5,Internet,Chennai,Direct,Yes,14-Sep-16,Appointment Fixed,15-Sep-16,yes,15-Sep-16,Quote to Be Submitted,yes,15-Sep-16,0.8,2,Order Received,21-Sep-16,0.8,2,SKR73606,Order received,,,802,Reduce Street Noise & Low Maintenance,0,1,1,0,0,0
Sept'16,14-Sep-16,EC14091658984,Dealer,Won,TAMILNADU,CHENNAI,600034,Renovation,1 to 5,Friends or Family  ,Chennai,OXXO,Yes,14-Sep-16,Appointment Fixed,15-Sep-16,yes,16-Sep-16,Quote to Be Submitted,yes,17-Sep-16,0.68,2,Order Received,16-Sep-16,0.68,2,SMO70626,Order received,,,1560,Reduce Street noise,0,1,0,0,0,0
Sept'16,14-Sep-16,EC14091658979,Direct,Won,TAMILNADU,KANCHIPURAM,603107,Renovation,1 to 5,Internet,Chennai,Direct,Yes,14-Sep-16,Appointment Fixed,16-Sep-16,yes,17-Sep-16,Quote to Be Submitted,yes,18-Sep-16,1.1,3,Order Received,06-Oct-16,1.31,9,SKR70773,Follow up,,,658,Reduce Street Noise & Low Maintenance,0,1,1,0,0,0
Sept'16,15-Sep-16,EC15091659125,Dealer,Lost,TAMILNADU,CHENNAI,600033,Renovation,1 to 5,Friends or Family  ,Chennai,Pearlson,Yes,15-Sep-16,Budget Constraint,,,,,,,,,Lost to UPVC (Provide details),,,,,lost,,Budget Constraint,903,,,,,,,
Sept'16,15-Sep-16,EC15091659108,Dealer,Won,TAMILNADU,CHENNAI,600024,Renovation,1 to 5,Internet,Chennai,Sunbird,Yes,15-Sep-16,Appointment Fixed,16-Sep-16,yes,17-Sep-16,Quote to Be Submitted,yes,19-Oct-16,1.07,2,Order Received,04-Oct-16,1.07,2,SPN73488,,,,1555,Nil,,,,,,
Sept'16,18-Sep-16,EC18091659321,Direct,Lost,TAMILNADU,CHENNAI,600041,Renovation,1 to 5,Internet,Chennai,Direct,Yes,18-Sep-16,Budget Constraint,,,,,,,,,Lost to UPVC (Provide details),,,,,lost to lg,,Budget Constraint,960,,,,,,,
Sept'16,19-Sep-16,EC19091659423,Dealer,Lost,TAMILNADU,CHENNAI,600017,Renovation,1 to 5,Internet,Chennai,Winfratech,Yes,19-Sep-16,Appointment Fixed,28-Sep-16,yes,29-Sep-16,Quote to Be Submitted,yes,30-Sep-16,,,Lost to UPVC (Provide details),,,,,Wintech,,Price Issue,1027,,,,,,,
Sept'16,20-Sep-16,EC20091659544,Dealer,Lost,TAMILNADU,CHENNAI,600020,Renovation,1 to 5,Internet,Chennai,Winfratech,Yes,20-Sep-16,Appointment Fixed,21-Sep-16,YES,22-Sep-16,Quote to Be Submitted,yes,23-Sep-16,1.39,3,Lost to UPVC (Provide details),,,,SNT73792,wintech,,Price Issue,1104,,,,,,,
Sept'16,21-Sep-16,EC21091659561,Dealer,Lost,TAMILNADU,CHENNAI,600029,Renovation,1 to 5,Internet,Chennai,Windoors,Yes,21-Sep-16,Appointment Fixed,22-Sep-16,yes,23-Sep-16,Quote to Be Submitted,yes,24-Sep-16,0.47,2,Lost to Aluminum,,,,SAA71859,LOST,,Price Issue,900,,,,,,,
Sept'16,21-Sep-16,EC21091659558,Dealer,Won,TAMILNADU,CHENNAI,600040,New Construction,21 to 40,Friends or Family  ,Chennai,Windoors,Yes,21-Sep-16,Appointment Fixed,22-Sep-16,yes,23-Sep-16,Quote to Be Submitted,yes,24-Sep-16,1.5,11,Order Received,,,,SAA71939,,,,1129,Reduce Street Noise & Low Maintenance,0,1,1,0,0,0
Sept'16,22-Sep-16,EC22091659712,Dealer,Lost,TAMILNADU,THIRUVALLUR,600099,Renovation,1 to 5,Internet,Chennai,Windoors,Yes,22-Sep-16,Budget Constraint,,,,,,,,,Lost to Aluminum,,,,,,,Budget Constraint,1000,,,,,,,
Sept'16,23-Sep-16, EC23091659779,Direct,Lost,TAMILNADU,CHENNAI,600042,Renovation,1 to 5,Internet,Chennai,Direct,Yes,23-Sep-16,Appointment Fixed,25-Sep-16,YES,26-Oct-16,Quote to Be Submitted,YES,27-Oct-16,0.3,3,Lost to Wooden,,,,SKR72609,Follow up,,Price Issue,1039,,,,,,,
Sept'16,24-Sep-16,EC24091659902,Direct,Lost,TAMILNADU,KANCHIPURAM,600073,New Construction,1 to 5,Internet,Chennai,Direct,Yes,24-Sep-16,Appointment Fixed,25-Sep-16,YES,26-Oct-16,Quote to Be Submitted,YES,27-Oct-16,0.42,2,Lost to Wooden,,,,SKR72886,,,Price Issue,965,,,,,,,
Sept'16,26-Sep-16,EC26091660058,Dealer,Lost,TAMILNADU,THIRUVALLUR,601201,New Construction,11 to 20,Internet,Chennai,Windoors,Yes,26-Sep-16,Appointment Fixed,26-Sep-16,YES,27-Sep-16,Quote to Be Submitted,YES,28-Sep-16,2.15,19,Lost to Wooden,,,,SAA73045,,,Price Issue,1159,,,,,,,
Sept'16,27-Sep-16,EC27091660100,Dealer,Won,TAMILNADU,KANCHIPURAM,600044,New Construction,11 to 20,Internet,Chennai,Direct,Yes,27-Sep-16,Appointment Fixed,28-Sep-16,YES,29-Sep-16,Quote to Be Submitted,YES,30-Sep-16,1.6,16,Order Received,10-Jan-17,1.51,14,SKR77758,,,,1081,Low maintenance & Monsoon Proof,0,0,1,1,0,0
Sept'16,29-Sep-16,EC29091660244,Dealer,Lost,TAMILNADU,CHENNAI,600041,Renovation,1 to 5,Friends or Family  ,Chennai,Winfratech,Yes,29-Sep-16,Appointment Fixed,12-Oct-16,yes,14-Oct-01,Quote to Be Submitted,YES,,,,Product Issue-Design/Type,,,,,,,Design Infeasibility,1093,,,,,,,
Oct'16,04-Oct-16,EC04101660584,Direct,Lost,TAMILNADU,KANCHIPURAM,600044,New Construction,1 to 5,Friends or Family  ,Chennai,Direct,Yes,04-Oct-16,Appointment Fixed,05-Oct-16,yes,06-Oct-16,Quote to Be Submitted,yes,07-Oct-16,2.2,4,Lost to UPVC (Provide details),,,,SKR74633,,,Price Issue,862,,,,,,,
Oct'16,05-Oct-16,EC05101660617,Direct,Lost,TAMILNADU,CHENNAI,600091,Renovation,1 to 5,Friends or Family  ,Chennai,Direct,Yes,05-Oct-16,Appointment Fixed,06-Oct-16,YES,07-Oct-16,Quote to Be Submitted,YES,09-Oct-16,0.36,1,Lost to UPVC (Provide details),,,,SKR74864,,,Price Issue,1154,,,,,,,
Oct'16,12-Oct-16,EC12101661052,Dealer,Lost,TAMILNADU,KANCHIPURAM,601301,New Construction,21 to 40,Internet,Chennai,Windoors,Yes,11-Oct-16,Appointment Fixed,12-Oct-16,yes,13-Oct-16,Quote to Be Submitted,yes,14-Oct-16,3.12,27,Lost to UPVC (Provide details),,,,SAA75934,Fortune,,Price Issue,991,,,,,,,
Oct'16,12-Oct-16,EC12101661074,Direct,Lost,TAMILNADU,CHENNAI,600084,New Construction,6 to 10,Internet,Chennai,Direct,Yes,12-Oct-16,Appointment Fixed,13-Oct-16,yes,14-Oct-16,Quote to Be Submitted,yes,15-Oct-16,1.23,7,Lost to Wooden,,,,SRN76521,,,Price Issue,1127,,,,,,,
Oct'16,17-Oct-16, EC17101661387,Dealer,Lost,TAMILNADU,THIRUVALLUR,600050,Renovation,1 to 5,Friends or Family  ,Chennai,ITP,Yes,17-Oct-16,Appointment Fixed,18-Oct-16,yes,19-Oct-16,Quote to Be Submitted,yes,20-Sep-16,0.78,3,Lost to UPVC (Provide details),,,,,,,Price Issue,1092,,,,,,,
Oct'16,18-Oct-16, EC18101661539,Dealer,Lost,TAMILNADU,KRISHNAGIRI,635109,New Construction,11 to 20,Internet,Chennai,Windoors,Yes,18-Oct-16,Appointment Fixed,19-Oct-16,yes,20-Oct-16,Quote to Be Submitted,yes,21-Oct-16,4.84,26,Lost to UPVC (Provide details),,,,SAA79371,,,Price Issue,862,,,,,,,
Oct'16,20-Oct-16, EC20101661646,Direct,Lost,TAMILNADU,CHENNAI,600035,Renovation,6 to 10,Friends or Family  ,Chennai,Direct,Yes,20-Oct-16,Appointment Fixed,19-Oct-16,yes,21-Oct-16,Quote to Be Submitted,yes,22-Oct-16,1.5,4,Lost to UPVC (Provide details),,,,ABL69586,,,Price Issue,1191,,,,,,,
Oct'16,21-Oct-16, EC21101661701,Dealer,Lost,TAMILNADU,VELLORE,632001,New Construction,21 to 40,Friends or Family  ,Chennai,Windoors,Yes,21-Oct-16,Appointment Fixed,22-Oct-16,yes,23-Oct-16,Quote to Be Submitted,yes,24-Oct-16,1.38,1,Lost to UPVC (Provide details),,,,SAA77834,,,Price Issue,852,,,,,,,
Oct'16,24-Oct-16, EC24101661944,Dealer,Lost,TAMILNADU,VILLUPURAM,605202,Renovation,1 to 5,Friends or Family  ,Chennai,ITP,Yes,24-Oct-16,Appointment Fixed,25-Oct-16,yes,26-Oct-16,Quote to Be Submitted,yes,27-Oct-16,3.6,6,Lost to Wooden,,,,,,,Price Issue,1181,,,,,,,
Oct'16,25-Oct-16,EC25101662007,Dealer,Lost,TAMILNADU,THIRUVALLUR,600095,New Construction,1 to 5,Internet,Chennai,ITP,Yes,25-Oct-16,Budget Constraint,,,,,,,,,Lost to UPVC (Provide details),,,,,"order lost to westel, budget constraint",,Budget Constraint,1040,,,,,,,
Oct'16,31-Oct-16,EC31101662642,Dealer,Won,TAMILNADU,KANCHIPURAM,602117,New Construction,21 to 40,Friends or Family  ,Chennai,Windoors,Yes,31-Oct-16,Appointment Fixed,05-Nov-16,yes,06-Nov-16,Quote to Be Submitted,yes,08-Nov-16,10,39,Order Received,17-Nov-16,7.05,41,SAA78977,,,,1140,nil,,,,,,
Nov'16,01-Nov-16,EC01111662741,Dealer,Lost,TAMILNADU,CHENNAI,600001,Renovation,1 to 5,Internet,Chennai,pearlson,Yes,01-Nov-16,Budget Constraint,,,,,,,,,Lost to UPVC (Provide details),,,,,,,Budget Constraint,960,,,,,,,
Nov'16,02-Nov-16,EC02111662776,Dealer,Lost,TAMILNADU,CHENNAI,600106,New Construction,11 to 20,Internet,Chennai,Windoors,Yes,02-Nov-16,Appointment Fixed,03-Nov-16,yes,04-Nov-16,Quote to Be Submitted,YES,05-Nov-16,0.52,4,Lost to UPVC (Provide details),,,,SAA79507,Budget constraint,,Price Issue,996,,,,,,,
Nov'16,04-Nov-16,EC04111663020,Dealer,Lost,TAMILNADU,CHENNAI,600001,Renovation,1 to 5,Friends or Family  ,Chennai,pearlson,Yes,04-Nov-16,No Requirement-Awareness Call,,,,,,,,,Lost to UPVC (Provide details),,,,,,,Others,804,,,,,,,
Nov'16,05-Nov-16,EC05111663121,Dealer,Lost,TAMILNADU,CHENNAI,600078,Renovation,1 to 5,Friends or Family  ,Chennai,ITP,Yes,05-Nov-16,Appointment Fixed,13-Nov-16,yes,14-Nov-16,Quote to Be Submitted,yes,15-Nov-16,5,18,Lost to UPVC (Provide details),,,,,,,Price Issue,845,,,,,,,
Nov'16,08-Nov-16,EC08111663362,Dealer,Lost,TAMILNADU,CHENNAI,600011,New Construction,6 to 10,Internet,Chennai,OXXO,Yes,08-Nov-16,Appointment Fixed,09-Nov-16,yes,10-Nov-16,Quote to Be Submitted,yes,11-Nov-16,1.7,5,Product Issue-Design/Type,,,,SMO80506,,,Design Infeasibility,1042,,,,,,,
Nov'16,12-Nov-16,EC12111663660,Dealer,Won,TAMILNADU,CHENNAI,600020,Renovation,1 to 5,Friends or Family  ,Chennai,Windoors,Yes,12-Nov-16,Appointment Fixed,13-Nov-16,YES,14-Nov-16,Quote to Be Submitted,YES,16-Nov-16,1.55,10,Order Received,21-Jan-17,1.53,9,SAA87098,,,,650,Nil,,,,,,
Nov'16,13-Nov-16,EC13111663695,Direct,Won,TAMILNADU,CHENNAI,600020,Renovation,1 to 5,Internet,Chennai,Direct,Yes,12-Nov-16,Appointment Fixed,20-Nov-16,YES,30-Nov-16,Quote to Be Submitted,YES,05-Dec-16,0.36,1,Order Received,20-Dec-16,0.36,1,SNT87086,,,,1340,Reduce Street Noise & Monsoon Proof,0,1,0,1,0,0
Nov'16,18-Nov-16,EC18111664080,Dealer,Won,TAMILNADU,CHENNAI,600028,New Construction,1 to 5,Internet,Chennai,pearlson,Yes,18-Nov-16,Appointment Fixed,19-Nov-16,yes,20-Nov-16,Quote to Be Submitted,yes,21-Nov-16,1.28,8,Order Received,23-Nov-16,1.28,8,RMN82028,,,,1101,Low Maintenance,0,0,1,0,0,0
Nov'16,21-Nov-16, EC21111664386,Direct,Lost,TAMILNADU,CHENNAI,603103,Renovation,6 to 10,Friends or Family  ,Chennai,Direct,Yes,21-Nov-16,Budget Constraint,,,,,,,,,Lost to UPVC (Provide details),,,,,,,Budget Constraint,1115,,,,,,,
Nov'16,25-Nov-16,EC25111664709,Dealer,Lost,TAMILNADU,CHENNAI,600034,New Construction,1 to 5,Friends or Family  ,Chennai,OXXO,Yes,25-Nov-16,Appointment Fixed,25-Nov-16,yes,26-Nov-16,Quote to Be Submitted,yes,27-Nov-16,0.34,3,Product Issue-Design/Type,,,,SMO84427,asked for vertical sliding,,Design Not Feasible,1148,,,,,,,
Nov'16,26-Nov-16,EC26111664783,Direct,Lost,TAMILNADU,CHENNAI,600070,New Construction,11 to 20,Internet,Chennai,Direct,Yes,26-Nov-16,Appointment Fixed,27-Nov-16,yes,28-Nov-16,Quote to Be Submitted,yes,29-Nov-16,0.6,2,Lost to UPVC (Provide details),,,,,,,Price Issue,829,,,,,,,
Nov'16,26-Nov-16,EC24111664579,Direct,Won,TAMILNADU,KANCHIPURAM,600045,New Construction,11 to 20,Internet,Chennai,Direct,Yes,26-Nov-16,Appointment Fixed,28-Nov-16,yes,29-Nov-16,Quote to Be Submitted,yes,30-Nov-16,0.26,1,Order Received,19-Jan-17,0.13,2,SKR84173,,,,1000,Nil,,,,,,
Nov'16,26-Nov-16,EC26111664784,Dealer,Lost,TAMILNADU,THIRUVALLUR,602001,New Construction,11 to 20,Internet,Chennai,OXXO,Yes,26-Nov-16,Appointment Fixed,26-Nov-16,yes,27-Nov-16,Quote to Be Submitted,yes,28-Nov-16,2.9,15,Lost to Wooden,,,,SMO83623,,,Price Issue,1111,,,,,,,
Nov'16,28-Nov-16,EC27111664856,Dealer,Won,TAMILNADU,THIRUVALLUR,600099,Renovation,1 to 5,Friends or Family  ,Chennai,OXXO,Yes,28-Nov-16,Appointment Fixed,29-Nov-16,yes,29-Nov-16,Quote to Be Submitted,yes,29-Nov-16,0.54,2,Order Received,06-Dec-16,1.09,6,SMO84353,,,,1320,Low Maintenance & Aesthetics,1,0,1,0,0,0
Nov'16,28-Nov-16,EC27111664849,Dealer,Lost,TAMILNADU,CHENNAI,600029,Renovation,1 to 5,Internet,Chennai,Windoors,Yes,28-Nov-16,Appointment Fixed,29-Nov-16,yes,30-Nov-16,Quote to Be Submitted,yes,01-Dec-16,0.7,2,Lost to Aluminum,,,,SAA83884,,,Price Issue,1046,,,,,,,
Nov'16,28-Nov-16,EC27111664864,Dealer,Lost,TAMILNADU,THIRUVALLUR,600067,New Construction,21 to 40,Friends or Family  ,Chennai,OXXO,Yes,28-Nov-16,Appointment Fixed,29-Nov-16,yes,30-Nov-16,Quote to Be Submitted,yes,01-Dec-16,,,Lost to UPVC (Provide details),,,,,budget constraint,,Budget Constraint,1042,,,,,,,
Nov'16,28-Nov-16,EC27111664886,Direct,Lost,TAMILNADU,KANCHIPURAM,602105,Renovation,11 to 20,Internet,Chennai,Direct,Yes,28-Nov-16,Appointment Fixed,25-Nov-16,yes,26-Nov-16,Quote to Be Submitted,yes,27-Nov-16,2.2,26,Lost to UPVC (Provide details),,,,GMA84112,,,Price Issue,873,,,,,,,
Nov'16,30-Nov-16,NRSC30111624039,Dealer,Won,TAMILNADU,KRISHNAGIRI,635109,Renovation,1 to 5,Internet,Chennai,Direct,Yes,30-Nov-16,Appointment Fixed,30-Nov-16,yes,01-Dec-16,Quote to Be Submitted,yes,02-Dec-16,3.78,28,Order Received,29-Dec-16,3.78,28,SRN84862,,,,1219,NIl,,,,,,
Dec'16,01-Dec-16,EC01121665276,Dealer,Lost,TAMILNADU,CHENNAI,600020,Renovation,1 to 5,Internet,Chennai,Winfratech,Yes,01-Dec-16,Appointment Fixed,02-Dec-16,yes,03-Dec-16,Quote to Be Submitted,yes,04-Dec-16,4.8,8,Product Issue-Design/Type,,,,,,,Design Infeasibility,1020,,,,,,,
Dec'16,02-Dec-16,EC02121665351,Direct,Won,TAMILNADU,KANCHIPURAM,600091,New Construction,1 to 5,Internet,Chennai,Direct,Yes,02-Dec-16,Appointment Fixed,03-Dec-16,yes,05-Dec-16,Quote to Be Submitted,yes,07-Dec-16,0.65,2,Order Received,,,,SNT84987,,,,947,Reduce Street Noise ,0,1,0,0,0,0
Dec'16,02-Dec-16, EC02121665350,Direct,Lost,TAMILNADU,CHENNAI,600117,New Construction,6 to 10,Internet,Chennai,Direct,Yes,02-Dec-16,Appointment Fixed,09-Dec-16,yes,10-Dec-16,Quote to Be Submitted,yes,11-Dec-16,1.13,3,Lost to UPVC (Provide details),,,,,,,Price Issue,996,,,,,,,
Dec'16,05-Dec-16, EC05121665542,Direct,Won,TAMILNADU,CHENNAI,600069,New Construction,100 +,Internet,Chennai,Sunbird,Yes,05-Dec-16,Appointment Fixed,11-Dec-16,yes,12-Dec-16,Quote to Be Submitted,yes,29-Jan-00,,,Order Received,,,,,,,,1456,Nil,,,,,,
Dec'16,05-Dec-16,EC05121665602,Dealer,Lost,TAMILNADU,THIRUVALLUR,600099,New Construction,21 to 40,Internet,Chennai,OXXO,Yes,05-Dec-16,Budget Constraint,,,,,,,,,Lost to UPVC (Provide details),,,,,komralin,,Budget Constraint,1188,,,,,,,
Dec'16,07-Dec-16,EC07121665724,Dealer,Won,TAMILNADU,CHENNAI,600028,Renovation,1 to 5,Internet,Chennai,pearlson,Yes,07-Dec-16,Appointment Fixed,08-Dec-16,yes,09-Dec-16,Quote to Be Submitted,yes,10-Dec-16,1.3,7,Order Received,28-Dec-16,1.39,7,RMN85623,,,,838,Reduce Street Noise,0,1,0,0,0,0
Dec'16,07-Dec-16, EC07121665720,Dealer,Lost,TAMILNADU,CHENNAI,600040,New Construction,6 to 10,Internet,Chennai,Windoors,Yes,07-Dec-16,Appointment Fixed,07-Dec-16,yes,08-Dec-16,Quote to Be Submitted,yes,09-Dec-16,2,9,Lost to Wooden,,,,SAA85706,,,Price Issue,912,,,,,,,
Dec'16,08-Dec-16,EC08121665782,Direct,Won,TAMILNADU,CHENNAI,600107,New Construction,1 to 5,Friends or Family  ,Chennai,Direct,Yes,08-Dec-16,Appointment Fixed,09-Dec-16,yes,10-Dec-16,Quote to Be Submitted,yes,11-Dec-16,5.7,4,Order Received,22-Dec-16,2.52,4,WES87441,,,,1391,Nil,,,,,,
Dec'16,09-Dec-16, EC09121665864,Dealer,Lost,TAMILNADU,CHENNAI,600033,Renovation,1 to 5,Internet,Chennai,pearlson,Yes,10-Dec-16,Appointment Fixed,10-Dec-16,yes,11-Dec-16,Quote to Be Submitted,yes,12-Dec-16,,,Product Issue-Design/Type,,,,,,,Design Infeasibility,953,,,,,,,
Dec'16,10-Dec-16,EC10121665887,Direct,Lost,TAMILNADU,KANCHIPURAM,600064,Renovation,6 to 10,Internet,Chennai,Direct,Yes,10-Dec-16,Appointment Fixed,09-Dec-16,yes,10-Dec-16,Quote to Be Submitted,yes,11-Dec-16,2,12,Lost to UPVC (Provide details),,,,SKR90669,went to local upvc because of cost,,Price issue,940,,,,,,,
Dec'16,13-Dec-16, EC13121666185,Dealer,Lost,TAMILNADU,CHENNAI,600018,Renovation,1 to 5,Internet,Chennai,pearlson,Yes,14-Dec-16,Appointment Fixed,14-Dec-16,yes,15-Dec-16,Quote to Be Submitted,yes,15-Dec-16,0.51,4,Product Issue-Design/Type,,,,RMN87980,,,Design Infeasibility,1168,,,,,,,
Dec'16,14-Dec-16, EC14121666287,Direct,Lost,TAMILNADU,CHENNAI,600083,New Construction,1 to 5,Friends or Family  ,Chennai,Direct,Yes,14-Dec-16,Appointment Fixed,15-Dec-16,yes,16-Dec-16,Quote to Be Submitted,yes,17-Dec-16,0.38,2,Lost to UPVC (Provide details),,,,AKM86972,,,Price issue,1036,,,,,,,
Dec'16,15-Dec-16,EC15121666432,Direct,Lost,TAMILNADU,THIRUVALLUR,600077,New Construction,100 +,Friends or Family  ,Chennai,Direct,Yes,15-Dec-16,Appointment Fixed,20-Dec-16,yes,21-Dec-16,Quote to Be Submitted,yes,22-Dec-16,25,250,Product Issue-Design/Type,,,,NCF87351,,,Service Infeasibility,909,,,,,,,
Dec'16,16-Dec-16,EC16121666548,Dealer,Won,TAMILNADU,CHENNAI,600102,Renovation,1 to 5,Friends or Family  ,Chennai,Windoors,Yes,16-Dec-16,Appointment Fixed,19-Dec-16,yes,20-Dec-16,Quote to Be Submitted,yes,21-Dec-16,0.01,1,Order Received,27-Dec-16,0.07,1,SAA87860,,,,988,Nil,,,,,,
Dec'16,17-Dec-16,EC17121666672,Direct,Lost,TAMILNADU,KANCHIPURAM,600048,New Construction,1 to 5,Internet,Chennai,Direct,Yes,17-Dec-16,Appointment Fixed,17-Dec-16,yes,18-Dec-16,Quote to Be Submitted,yes,20-Dec-16,1.6,5,Product Issue-Design/Type,,,,,,,Design Infeasibility,828,,,,,,,
Dec'16,19-Dec-16, EC19121666891,Direct,Won,TAMILNADU,KANCHIPURAM,600096,Renovation,1 to 5,Internet,Chennai,Direct,Yes,19-Dec-16,Appointment Fixed,19-Dec-16,yes,20-Dec-16,Quote to Be Submitted,yes,21-Dec-16,0.53,8,Order Received,31-Dec-16,0.53,8,SNT87985,,,,1287,Aesthetics & Low Maintenance,1,0,1,0,0,0
Dec'16,20-Dec-16, EC20121666987,Direct,Won,TAMILNADU,CHENNAI,600083,Renovation,1 to 5,Internet,Chennai,Direct,Yes,20-Dec-16,Appointment Fixed,20-Dec-16,yes,21-Dec-16,Quote to Be Submitted,yes,23-Dec-16,0.35,2,Order Received,04-Jan-17,0.22,2,SRN89177,,,,994,Reduce Street Noise & Low Maintenance,0,1,1,0,0,0
Dec'16,23-Dec-16,EC24121667409,Direct,Won,TAMILNADU,THIRUVALLUR,600095,New Construction,1 to 5,Friends or Family  ,Chennai,Direct,Yes,23-Dec-16,Appointment Fixed,24-Dec-16,yes,25-Dec-16,Quote to Be Submitted,yes,26-Dec-16,0.46,4,Order Received,29-Dec-16,0.54,1,SRN89061,,,,1024,Nil,,,,,,
Dec'16,23-Dec-16,EC20101536133,Direct,Won,TAMILNADU,CHENNAI,600092,Renovation,1 to 5,Internet,Chennai,Direct,Yes,23-Dec-16,Appointment Fixed,24-Dec-16,yes,27-Dec-16,Quote to Be Submitted,yes,27-Dec-16,0.85,3,Order Received,29-Dec-16,0.85,3,SRN89424,,,,838,Monsoon Proof & Noise Proof,0,1,0,1,0,0
Dec'16,25-Dec-16,EC25121667555,Direct,Won,TAMILNADU,CHENNAI,600005,Renovation,6 to 10,Internet,Chennai,Direct,Yes,25-Dec-16,Appointment Fixed,06-Jan-17,yes,08-Jan-17,Quote to Be Submitted,yes,09-Jan-17,0.25,1,Order Received,31-Jan-17,0.22,1,SPN93759,,,,805,Aesthetics & Low Maintenance,1,0,1,0,0,0
Dec'16,26-Dec-16,EC26121667607,Direct,Lost,TAMILNADU,KANCHIPURAM,600048,Renovation,1 to 5,Friends or Family  ,Chennai,Direct,Yes,26-Dec-16,Appointment Fixed,27-Dec-16,yes,27-Dec-16,Quote to Be Submitted,yes,30-Dec-16,1.15,4,Lost to UPVC (Provide details),,,,AKM89931,excepts around 500,,Price Issue,894,,,,,,,
Dec'16,26-Dec-16,EC26121667664,Dealer,Won,TAMILNADU,CHENNAI,600004,Renovation,1 to 5,Friends or Family  ,Chennai,pearlson,Yes,26-Dec-16,Appointment Fixed,27-Dec-16,yes,28-Dec-16,Quote to Be Submitted,yes,29-12-166,0.15,1,Order Received,30-Dec-17,0.15,1,RMN89542,,,,1162,Aesthetics & Low Maintenance,1,0,1,0,0,0
Dec'16,26-Dec-16,EC26121667722,Direct,Lost,TAMILNADU,THIRUVALLUR,600120,Renovation,6 to 10,Friends or Family  ,Chennai,Direct,Yes,26-Dec-16,Appointment Fixed,27-Dec-16,yes,29-Dec-16,Quote to Be Submitted,yes,30-Dec-16,3,24,Lost to UPVC (Provide details),,,,AKM90145,Diamex,,Price issue,965,,,,,,,
Dec'16,27-Dec-16,EC27121667825,Direct,Won,TAMILNADU,KANCHIPURAM,600091,New Construction,1 to 5,Internet,Chennai,Direct,Yes,27-Dec-16,Appointment Fixed,29-Dec-16,yes,30-Dec-16,Quote to Be Submitted,yes,01-Jan-17,1.21,6,Order Received,31-Dec-16,1.21,6,SNT89651,,,,1750,Nil,,,,,,
Dec'16,27-Dec-16,EC27121667800,Dealer,Won,TAMILNADU,CHENNAI,600040,Renovation,11 to 20,Friends or Family  ,Chennai,Windoors,Yes,27-Dec-16,Appointment Fixed,28-Jan-17,yes,29-Jan-17,Quote to Be Submitted,yes,30-Jan-16,2.89,12,Order Received,12-Jan-17,2.89,12,SAA91142,,,,1090,Aesthetics & Low Maintenance,1,0,1,0,0,0
Dec'16,28-Dec-16,EC28121668016,Direct,Won,TAMILNADU,CHENNAI,600052,New Construction,21 to 40,Internet,Chennai,Direct,Yes,28-Dec-16,Appointment Fixed,07-Jan-17,yes,09-Jan-17,Quote to Be Submitted,yes,10-Jan-17,8.87,58,Order Received,31-Jan-17,8.87,58,SRN96128,,,,1422,Nil,,,,,,
Dec'16,29-Dec-16,EC1002143224,Direct,Won,TAMILNADU,CHENNAI,600037,Renovation,1 to 5,Friends or Family  ,Chennai,Direct,Yes,29-Dec-16,Appointment Fixed,30-Dec-16,yes,31-Dec-16,Quote to Be Submitted,yes,31-Dec-16,0.68,2,Order Received,06-Jan-17,0.38,6,SMO90350,order taken in december,,,1030,Aesthetics & Low Maintenance,1,0,1,0,0,0
Dec'16,30-Dec-16,EC30121668253,Direct,Lost,TAMILNADU,CHENNAI,603202,New Construction,11 to 20,Friends or Family  ,Chennai,Direct,Yes,30-Dec-16,Appointment Fixed,30-Dec-17,yes,02-Jan-17,Quote to Be Submitted,yes,02-Jan-17,1.3,17,Lost to UPVC (Provide details),,,,SKR90333,,,Price Issue,1068,,,,,,,
Jan'17,01-Jan-17,EC01011768406,Direct,Lost,TAMILNADU,CHENNAI,600061,New Construction,21 to 40,Internet,Chennai,Direct,Yes,02-Jan-17,Appointment Fixed,03-Jan-17,yes,04-Jan-17,Quote to Be Submitted,yes,05-Jan-17,4.5,20,Lost to UPVC (Provide details),,,,SNT91819,,,Price Issue,978,,,,,,,
Jan'17,02-Jan-17,EC02011768470,Direct,Lost,TAMILNADU,KANCHIPURAM,603202,Renovation,1 to 5,Friends or Family  ,Chennai,Direct,Yes,02-Jan-17,No Requirement-Awareness Call,,,,,,,,,Lost to UPVC (Provide details),,,,,,,No Requirement,945,,,,,,,
Jan'17,02-Jan-17,EC02011768429,Dealer,Lost,TAMILNADU,CHENNAI,600102,Renovation,1 to 5,Internet,Chennai,Windoors,Yes,02-Jan-17,Appointment Fixed,12-Jan-17,yes,12-Jan-17,Quote to Be Submitted,yes,13-Jan-17,0.75,1,Lost to UPVC (Provide details),,,,SAA90943,,,Price Issue,921,,,,,,,
Jan'17,03-Jan-17,EC03011768649,Direct,Lost,TAMILNADU,PONDICHERRY,605501,Renovation,1 to 5,Friends or Family  ,Chennai,Direct,Yes,03-Jan-17,Appointment Fixed,10-Feb-17,yes,04-Jan-17,Quote to Be Submitted,yes,05-Jan-17,1.5,4,Lost to UPVC (Provide details),,,,,,,Price Issue,1121,,,,,,,
Jan'17,03-Jan-17,EC03011768646,Dealer,Lost,TAMILNADU,CHENNAI,600010,New Construction,1 to 5,Internet,Chennai,Windoors,Yes,03-Jan-17,Appointment Fixed,06-Jan-17,yes,12-Jan-17,Quote to Be Submitted,yes,13-Jan-17,0.56,6,Lost to UPVC (Provide details),,,,SAA90947,,,Price Issue,1129,,,,,,,
Jan'17,03-Jan-17,EC03011768620,Direct,Lost,TAMILNADU,CHENNAI,600026,Renovation,1 to 5,Friends or Family  ,Chennai,Direct,Yes,03-Jan-17,Appointment Fixed,04-Jan-17,yes,04-Jan-17,Quote to Be Submitted,yes,04-Jan-17,0.4,1,Lost to UPVC (Provide details),,,,SRN90968,,,Price Issue,1031,,,,,,,
Jan'17,06-Jan-17,EC05011768785,Direct,Lost,TAMILNADU,CHENNAI,600042,Renovation,1 to 5,Friends or Family  ,Chennai,Direct,Yes,04-Jan-17,Budget Constraint,,,,,,,,,Lost to Aluminum,,,,,,,Budget Constraint,965,,,,,,,
Jan'17,05-Jan-17,EC05011768756,Dealer,Won,TAMILNADU,CHENNAI,600094,Renovation,1 to 5,Friends or Family  ,Chennai,Sunbird,Yes,05-Jan-17,Appointment Fixed,05-Jan-17,yes,06-Jan-17,Quote to Be Submitted,yes,06-Jan-17,0.37,1,Order Received,12-Jan-17,0.2,1,SPN91486,,,,1122,Noise Proof & Better Lighting,0,1,0,0,1,0
Jan'17,06-Jan-17,EC06011768979,Dealer,Lost,TAMILNADU,CHENNAI,600024,Renovation,1 to 5,Friends or Family  ,Chennai,OXXO,Yes,06-Jan-17,Appointment Fixed,10-Jan-17,yes,12-Jan-17,Quote to Be Submitted,yes,14-Jan-17,1.2,1,Lost to UPVC (Provide details),,,,SMO92260,,,Price Issue,1065,,,,,,,
Jan'17,09-Jan-17,EC06011769002,Dealer,Lost,TAMILNADU,CHENNAI,600085,New Construction,1 to 5,Friends or Family  ,Chennai,OXXO,Yes,09-Jan-17,Appointment Fixed,12-Jan-17,YES,14-Jan-17,Quote to Be Submitted,YES,20-Jan-17,2.2,12,Product Issue-Design/Type,,,,SMO93435,,,Design Infeasibility,892,,,,,,,
Jan'17,09-Jan-17,EC03081655947,Direct,Won,TAMILNADU,CHENNAI,600041,New Construction,41 to 100,Internet,Chennai,Direct,Yes,09-Jan-17,Appointment Fixed,12-Feb-17,yes,14-Jan-17,Quote to Be Submitted,yes,16-Jan-17,2.24,9,Order Received,07-Feb-17,1.62,9,SNT93993,,,,1420,Reduce Street Noise & Low Maintenance,0,1,1,0,0,0
Jan'17,11-Jan-17,EC11011769465,Direct,Lost,TAMILNADU,CHENNAI,600097,Renovation,1 to 5,Friends or Family  ,Chennai,Direct,Yes,11-Jan-17,Budget Constraint,,,,,,,,,Lost to Wooden,,,,,,,Budget Constraint,1087,,,,,,,
Jan'17,11-Jan-17,EC11011769490,Dealer,Lost,TAMILNADU,CHENNAI,600023,Renovation,1 to 5,Friends or Family  ,Chennai,OXXO,Yes,11-Jan-17,Appointment Fixed,14-Jan-17,yes,15-Jan-17,Quote to Be Submitted,yes,20-Jan-17,0.6,2,Product Issue-Design/Type,,,,SMO93561,lost due to sill width,,,997,,,,,,,
Jan'17,13-Jan-17,EC13011769738,Dealer,Won,TAMILNADU,CHENNAI,600020,Renovation,1 to 5,Friends or Family  ,Chennai,Sunbird,Yes,13-Jan-17,Appointment Fixed,14-Jan-17,yes,16-Jan-17,Quote to Be Submitted,yes,19-Jan-17,0.2,1,Order Received,25-Jan-17,0.2,1,SPN93763,,,,829,Low Maintenance,0,0,1,0,0,0
Jan'17,18-Jan-17,EC18011770185,Direct,Won,TAMILNADU,KANCHIPURAM,600059,Renovation,1 to 5,Internet,Chennai,Direct,Yes,18-Jan-17,Appointment Fixed,19-Jan-17,yes,20-Jan-17,Quote to Be Submitted,yes,21-Jan-17,0.6,1,Order Received,,,,,,,,1055,Nil,,,,,,
Jan'17,18-Jan-17,EC18011770221,Dealer,Lost,TAMILNADU,CHENNAI,600020,Renovation,6 to 10,Internet,Chennai,Winfratech,Yes,18-Jan-17,No Requirement-Awareness Call,,,,,,,,,Lost to UPVC (Provide details),,,,,alphine,,No Requirment,1157,,,,,,,
Jan'17,21-Jan-17,EC21011770512,Dealer,Lost,TAMILNADU,CHENNAI,600014,Renovation,11 to 20,Friends or Family  ,Chennai,Direct,Yes,21-Jan-17,Appointment Fixed,21-Jan-17,yes,22-Jan-17,Quote to Be Submitted,yes,23-Jan-17,3.5,16,Lost to Aluminum,,,,AKM94685,,,Price Issue,929,,,,,,,
Jan'17,23-Jan-17,EC24011770882,Direct,Won,TAMILNADU,CHENNAI,600015,Renovation,1 to 5,Internet,Chennai,Direct,Yes,23-Jan-17,Appointment Fixed,27-Jan-17,yes,28-Jan-17,Quote to Be Submitted,YES,29-Jan-17,4.5,9,Order Received,01-Mar-17,3.69,16,SNT95993,,,,945,Low Maintenance,0,0,1,0,0,0
Jan'17,26-Jan-17,EC26121667587,Direct,Lost,TAMILNADU,CHENNAI,600119,Renovation,1 to 5,Friends or Family  ,Chennai,Direct,Yes,25-Jan-17,No Requirement-Awareness Call,,,,,,,,,Lost to Aluminum,,,,,,,No Requirment,1044,,,,,,,
Jan'17,27-Jan-17,EC27011771169,Dealer,Lost,TAMILNADU,CHENNAI,600082,Renovation,1 to 5,Friends or Family  ,Chennai,OXXO,Yes,27-Jan-17,Appointment Fixed,28-Jan-17,yes,30-Jan-17,Quote to Be Submitted,yes,01-Feb-17,0.26,1,Product Issue-Design/Type,,,,SMO98994,,,Design Infeasibility,849,,,,,,,
Jan'17,27-Jan-17,EC27011771160,Direct,Lost,TAMILNADU,KANCHIPURAM,600089,New Construction,1 to 5,Friends or Family  ,Chennai,Direct,Yes,27-Jan-17,Appointment Fixed,28-Jan-17,yes,28-Jan-17,Quote to Be Submitted,yes,28-Jan-17,0.2,2,Lost to UPVC (Provide details),,,,,,,Price Issue,946,,,,,,,
